close,SMA_trend,WMA_trend,RSI_trend,STOCHRSIk_trend,STOCHRSId_trend,WILLR_trend,CCI_trend,AD_trend,MACD_trend
7781.899901999999,-1,-1,-1,-1,-1,1,-1,1,1
7765.399901999999,-1,-1,1,-1,-1,1,-1,1,1
7701.700195,-1,-1,1,-1,-1,1,-1,1,1
7612.5,-1,-1,1,-1,-1,1,-1,1,1
7683.299805,-1,-1,1,1,-1,1,-1,1,1
7610.450195,-1,-1,1,-1,-1,1,-1,1,-1
7650.049805,-1,-1,1,1,-1,1,-1,1,-1
7700.899901999999,1,1,1,1,-1,1,-1,1,1
7750.899901999999,1,1,1,-1,-1,1,-1,1,1
7844.350098000001,1,1,1,-1,-1,1,-1,1,1
7761.950195,1,1,-1,-1,-1,1,-1,1,1
7834.450195,1,1,1,1,-1,1,-1,1,1
7786.100098000001,1,1,-1,-1,-1,1,-1,1,1
7865.950195,1,1,1,1,-1,1,-1,1,1
7861.049805,1,1,-1,1,-1,1,-1,1,1
7925.149901999999,1,1,1,1,-1,1,-1,1,1
7928.950195,1,1,1,-1,-1,1,-1,1,1
7896.25,1,1,-1,-1,-1,1,-1,1,1
7946.350098000001,1,1,1,1,-1,1,-1,1,1
7868.824951500001,-1,-1,-1,-1,-1,1,-1,1,1
7791.299805,-1,-1,-1,-1,-1,1,-1,1,1
7784.649901999999,-1,-1,-1,-1,-1,1,-1,1,1
7741.0,-1,-1,-1,-1,-1,1,-1,1,1
7568.299805,-1,-1,1,-1,-1,1,-1,1,-1
7601.350098000001,-1,-1,1,1,-1,1,-1,1,-1
7563.850098000001,-1,-1,1,-1,-1,1,-1,1,-1
7510.299805,-1,-1,1,-1,-1,1,-1,1,-1
7562.399901999999,-1,-1,1,1,-1,1,-1,1,-1
7536.799805,-1,-1,-1,-1,-1,1,-1,1,-1
7437.799805,-1,-1,1,-1,-1,1,-1,1,-1
7351.0,-1,-1,1,-1,-1,1,-1,1,-1
7435.100098000001,-1,-1,1,1,-1,1,-1,1,-1
7309.299805,-1,-1,1,-1,-1,1,-1,1,-1
7276.799805,-1,-1,1,-1,-1,1,-1,1,-1
7422.450195,1,1,1,1,-1,1,-1,1,-1
7436.149901999999,1,1,1,-1,-1,1,-1,1,-1
7437.75,1,1,1,-1,-1,1,-1,1,-1
7424.649901999999,1,1,-1,-1,-1,1,-1,1,-1
7563.549805,1,1,1,1,-1,1,-1,1,1
7555.950195,1,1,-1,-1,-1,1,-1,1,1
7455.549805,-1,-1,-1,-1,-1,1,-1,1,1
7361.799805,-1,-1,-1,-1,-1,1,-1,1,1
7404.0,-1,-1,1,1,-1,1,-1,1,1
7489.100098000001,1,1,1,1,-1,1,-1,1,1
7387.25,-1,-1,-1,-1,-1,1,-1,1,1
7298.200195,-1,-1,-1,-1,-1,1,-1,1,1
7215.700195,-1,-1,1,-1,-1,1,-1,1,-1
6976.350098000001,-1,-1,1,-1,-1,1,-1,1,-1
6980.950195,-1,-1,1,1,-1,1,-1,1,-1
7162.950195,-1,1,1,1,-1,1,-1,1,-1
7048.25,-1,-1,-1,-1,-1,1,-1,1,-1
7108.450195,-1,1,1,1,-1,1,-1,1,-1
7191.75,1,1,1,1,-1,1,-1,1,-1
7210.75,1,1,1,-1,-1,1,-1,1,-1
7234.549805,1,1,1,-1,-1,1,-1,1,1
7109.549805,-1,-1,-1,-1,-1,1,-1,1,1
7018.700195,-1,-1,-1,-1,-1,1,-1,1,1
6970.600098000001,-1,-1,-1,-1,-1,1,-1,1,-1
7029.75,-1,-1,1,1,-1,1,-1,1,-1
6987.049805,-1,-1,-1,1,-1,1,-1,1,-1
7222.299805,1,1,1,1,-1,1,-1,1,1
7368.850098000001,1,1,1,1,-1,1,-1,1,1
7475.600098000001,1,1,-1,-1,-1,1,-1,1,1
7485.350098000001,1,1,-1,-1,-1,1,-1,1,1
7485.299805,1,1,-1,-1,-1,1,-1,1,1
7531.799805,1,1,-1,1,-1,1,-1,1,1
7486.149901999999,1,1,-1,-1,-1,1,-1,1,1
7510.200195,1,1,1,1,-1,1,-1,1,1
7538.75,1,1,-1,1,-1,1,-1,1,1
7460.600098000001,-1,-1,-1,-1,-1,1,-1,1,1
7498.75,-1,-1,1,1,-1,1,-1,1,1
7512.549805,1,1,1,1,-1,1,-1,1,1
7604.350098000001,1,1,-1,1,-1,1,-1,1,1
7704.25,1,1,-1,-1,-1,1,-1,1,1
7714.899901999999,1,1,-1,-1,-1,1,-1,1,1
7716.5,1,1,-1,-1,-1,1,-1,1,1
7615.100098000001,-1,-1,-1,-1,-1,1,-1,1,1
7597.0,-1,-1,-1,-1,-1,1,-1,1,1
7735.200195,1,1,1,1,-1,1,-1,1,1
7738.399901999999,1,1,1,1,-1,1,-1,1,1
7713.049805,1,1,-1,1,-1,1,-1,1,1
7758.799805,1,1,1,1,-1,1,-1,1,1
7603.200195,-1,-1,-1,-1,-1,1,-1,1,1
7614.350098000001,-1,-1,1,1,-1,1,-1,1,-1
7546.450195,-1,-1,-1,-1,-1,1,-1,1,-1
7555.200195,-1,-1,1,1,-1,1,-1,1,-1
7671.399901999999,1,1,1,1,-1,1,-1,1,-1
7708.950195,1,1,1,-1,-1,1,-1,1,-1
7850.450195,1,1,-1,-1,-1,1,-1,1,1
7914.700195,1,1,-1,-1,-1,1,-1,1,1
7914.75,1,1,-1,-1,-1,1,-1,1,1
7912.049805,1,1,-1,-1,-1,1,-1,1,1
7899.299805,1,1,-1,-1,-1,1,-1,1,1
7855.049805,-1,-1,-1,-1,-1,1,-1,1,1
7962.649901999999,1,1,-1,1,-1,1,-1,1,1
7979.899901999999,1,1,-1,1,-1,1,-1,1,1
7847.25,-1,-1,-1,-1,-1,1,-1,1,1
7849.799805,-1,-1,1,1,-1,1,-1,1,-1
7805.899901999999,-1,-1,-1,-1,-1,1,-1,1,-1
7747.0,-1,-1,-1,-1,-1,1,-1,1,-1
7706.549805,-1,-1,-1,-1,-1,1,-1,1,-1
7735.5,-1,-1,1,1,-1,1,-1,1,-1
7733.450195,-1,-1,-1,1,-1,1,-1,1,-1
7866.049805,1,1,1,1,-1,1,-1,1,-1
7887.799805,1,1,1,-1,-1,1,-1,1,-1
7848.850098000001,1,1,-1,-1,-1,1,-1,1,-1
7900.399901999999,1,1,1,1,-1,1,-1,1,-1
7814.899901999999,-1,-1,-1,-1,-1,1,-1,1,-1
7860.75,1,1,1,1,-1,1,-1,1,-1
7890.75,1,1,1,1,-1,1,-1,1,-1
7870.149901999999,1,1,-1,-1,-1,1,-1,1,-1
7783.399901999999,-1,-1,-1,-1,-1,1,-1,1,-1
7749.700195,-1,-1,-1,-1,-1,1,-1,1,-1
7731.049805,-1,-1,-1,-1,-1,1,-1,1,-1
7748.850098000001,-1,-1,1,1,-1,1,-1,1,-1
7934.899901999999,1,1,1,1,-1,1,-1,1,-1
8069.649901999999,1,1,-1,-1,-1,1,-1,1,1
8156.649901999999,1,1,-1,-1,-1,1,-1,1,1
8178.5,1,1,-1,-1,-1,1,-1,1,1
8160.100098000001,1,1,-1,-1,-1,1,-1,1,1
8179.950195,1,1,-1,-1,-1,1,-1,1,1
8218.950195,1,1,-1,1,-1,1,-1,1,1
8220.799805,1,1,-1,1,-1,1,-1,1,1
8201.049805,1,1,-1,-1,-1,1,-1,1,1
8266.450195,1,1,-1,1,-1,1,-1,1,1
8273.049805,1,1,-1,1,-1,1,-1,1,1
8203.599609,-1,-1,-1,-1,-1,1,-1,1,1
8170.049805,-1,-1,-1,-1,-1,1,-1,1,1
8110.600098000001,-1,-1,-1,-1,-1,1,-1,1,-1
8108.850098000001,-1,-1,-1,-1,-1,1,-1,1,-1
8206.599609,1,1,1,1,-1,1,-1,1,-1
8140.75,-1,-1,-1,-1,-1,1,-1,1,-1
8170.200195,1,1,1,1,-1,1,-1,1,-1
8238.5,1,1,1,1,-1,1,-1,1,-1
8219.900391,1,1,-1,-1,-1,1,-1,1,-1
8203.700195,1,1,-1,-1,-1,1,-1,1,-1
8270.450195,1,1,1,1,-1,1,-1,1,-1
8088.600098000001,-1,-1,-1,-1,-1,1,-1,1,-1
8094.700195,-1,-1,1,1,-1,1,-1,1,-1
8127.850098000001,-1,-1,1,1,-1,1,-1,1,-1
8204.0,1,1,1,1,-1,1,-1,1,-1
8287.75,1,1,1,1,-1,1,-1,1,-1
8328.349609,1,1,1,-1,-1,1,-1,1,-1
8370.700195,1,1,-1,1,-1,1,-1,1,1
8335.950195,1,1,-1,-1,-1,1,-1,1,1
8337.900391,1,1,1,-1,-1,1,-1,1,1
8323.200195,1,-1,-1,-1,-1,1,-1,1,1
8467.900391,1,1,-1,1,-1,1,-1,1,1
8521.049805,1,1,-1,-1,-1,1,-1,1,1
8519.5,1,1,-1,-1,-1,1,-1,1,1
8565.0,1,1,-1,1,-1,1,-1,1,1
8541.400391,1,1,-1,-1,-1,1,-1,1,1
8508.700195,1,-1,-1,-1,-1,1,-1,1,1
8528.549805,1,1,1,1,-1,1,-1,1,1
8565.849609,1,1,-1,1,-1,1,-1,1,1
8510.099609,-1,-1,-1,-1,-1,1,-1,1,1
8541.200195,1,1,1,1,-1,1,-1,1,1
8635.650391,1,1,-1,1,-1,1,-1,1,1
8590.650391,1,1,-1,-1,-1,1,-1,1,1
8615.799805,1,1,1,1,-1,1,-1,1,1
8666.299805,1,1,-1,1,-1,1,-1,1,1
8638.5,1,1,-1,-1,-1,1,-1,1,1
8636.549805,1,1,-1,-1,-1,1,-1,1,-1
8622.900391,-1,-1,-1,-1,-1,1,-1,1,-1
8544.849609,-1,-1,-1,-1,-1,1,-1,1,-1
8551.099609,-1,-1,1,1,-1,1,-1,1,-1
8683.150391,1,1,1,1,-1,1,-1,1,-1
8711.349609,1,1,1,-1,-1,1,-1,1,-1
8678.25,1,1,-1,-1,-1,1,-1,1,-1
8575.299805,-1,-1,-1,-1,-1,1,-1,1,-1
8592.150391,-1,-1,1,1,-1,1,-1,1,-1
8617.350097999999,-1,-1,1,1,-1,1,-1,1,-1
8642.549805,-1,1,1,1,-1,1,-1,1,-1
8624.049805,-1,1,-1,1,-1,1,-1,1,-1
8673.25,1,1,1,1,-1,1,-1,1,-1
8666.900391,1,1,-1,-1,-1,1,-1,1,-1
8629.150391,-1,-1,-1,-1,-1,1,-1,1,-1
8632.599609,-1,-1,1,1,-1,1,-1,1,-1
8650.299805,1,1,1,1,-1,1,-1,1,-1
8592.200195,-1,-1,-1,-1,-1,1,-1,1,-1
8572.549805,-1,-1,-1,-1,-1,1,-1,1,-1
8607.450195,-1,-1,1,1,-1,1,-1,1,-1
8744.349609,1,1,1,1,-1,1,-1,1,-1
8786.200195,1,1,-1,1,-1,1,-1,1,1
8774.650391,1,1,-1,-1,-1,1,-1,1,1
8809.650391,1,1,-1,1,-1,1,-1,1,1
8943.0,1,1,-1,-1,-1,1,-1,1,1
8917.950195,1,1,-1,-1,-1,1,-1,1,1
8952.5,1,1,-1,1,-1,1,-1,1,1
8866.700195,1,-1,-1,-1,-1,1,-1,1,1
8715.599609,-1,-1,-1,-1,-1,1,-1,1,1
8726.599609,-1,-1,1,1,-1,1,-1,1,-1
8742.549805,-1,-1,1,1,-1,1,-1,1,-1
8779.849609,-1,1,1,1,-1,1,-1,1,-1
8808.400391,1,1,1,1,-1,1,-1,1,-1
8775.900391,1,1,-1,-1,-1,1,-1,1,-1
8777.150391,1,1,1,-1,-1,1,-1,1,-1
8867.450195,1,1,1,1,-1,1,-1,1,-1
8831.549805,1,1,-1,-1,-1,1,-1,1,-1
8723.049805,-1,-1,-1,-1,-1,1,-1,1,-1
8706.400391,-1,-1,-1,-1,-1,1,-1,1,-1
8745.150391,-1,-1,1,1,-1,1,-1,1,-1
8591.25,-1,-1,1,-1,-1,1,-1,1,-1
8611.150391,-1,-1,1,1,-1,1,-1,1,-1
8738.099609,1,1,1,1,-1,1,-1,1,-1
8769.150391,1,1,1,-1,-1,1,-1,1,-1
8743.950195,1,1,-1,-1,-1,1,-1,1,-1
8709.549805,1,-1,-1,-1,-1,1,-1,1,-1
8697.599609,1,-1,-1,-1,-1,1,-1,1,-1
8708.799805,-1,-1,1,1,-1,1,-1,1,-1
8573.349609,-1,-1,-1,-1,-1,1,-1,1,-1
8583.400391,-1,-1,1,1,-1,1,-1,1,-1
8520.400391,-1,-1,1,-1,-1,1,-1,1,-1
8677.900391,1,1,1,1,-1,1,-1,1,-1
8659.099609,1,1,-1,-1,-1,1,-1,1,-1
8699.400391,1,1,1,1,-1,1,-1,1,-1
8693.049805,1,1,-1,-1,-1,1,-1,1,-1
8708.950195,1,1,1,1,-1,1,-1,1,1
8691.299805,1,1,-1,-1,-1,1,-1,1,1
8615.25,-1,-1,-1,-1,-1,1,-1,1,-1
8615.25,-1,-1,-1,-1,-1,1,-1,1,-1
8638.0,-1,-1,1,1,-1,1,-1,1,-1
8626.25,-1,-1,-1,-1,-1,1,-1,1,-1
8514.0,-1,-1,1,-1,-1,1,-1,1,-1
8484.950195,-1,-1,1,-1,-1,1,-1,1,-1
8433.75,-1,-1,1,-1,-1,1,-1,1,-1
8497.049805,-1,-1,1,1,-1,1,-1,1,-1
8543.549805,1,1,1,1,-1,1,-1,1,-1
8432.0,-1,-1,-1,-1,-1,1,-1,1,-1
8525.75,1,1,1,1,-1,1,-1,1,-1
8296.299805,-1,-1,1,-1,-1,1,-1,1,-1
8108.450195,-1,-1,1,-1,-1,1,-1,1,-1
8111.600098000001,-1,-1,1,1,-1,1,-1,1,-1
8079.950195,-1,-1,1,-1,-1,1,-1,1,-1
8074.100098000001,-1,-1,1,-1,-1,1,-1,1,-1
7929.100098000001,-1,-1,1,-1,-1,1,-1,1,-1
8002.299805,-1,-1,1,1,-1,1,-1,1,-1
8033.299805,-1,1,1,-1,-1,1,-1,1,-1
7965.5,-1,-1,1,-1,-1,1,-1,1,-1
8114.299805,1,1,1,1,-1,1,-1,1,-1
8126.899901999999,1,1,1,-1,-1,1,-1,1,-1
8142.149901999999,1,1,1,-1,-1,1,-1,1,1
8224.5,1,1,1,-1,-1,1,-1,1,1
8192.900391,1,1,-1,-1,-1,1,-1,1,1
8086.799805,-1,-1,-1,-1,-1,1,-1,1,1
8128.75,-1,-1,1,1,-1,1,-1,1,1
8143.149901999999,-1,-1,1,1,-1,1,-1,1,1
8102.049805,-1,-1,-1,-1,-1,1,-1,1,1
8246.849609,1,1,1,1,-1,1,-1,1,1
8261.75,1,1,1,-1,-1,1,-1,1,1
8170.799805,1,-1,-1,-1,-1,1,-1,1,1
8221.799805,1,1,1,1,-1,1,-1,1,1
8182.450195,-1,-1,-1,-1,-1,1,-1,1,1
8153.600098000001,-1,-1,-1,-1,-1,1,-1,1,1
8139.450195,-1,-1,-1,-1,-1,1,-1,1,1
8104.350098000001,-1,-1,-1,-1,-1,1,-1,1,1
8082.399901999999,-1,-1,-1,-1,-1,1,-1,1,1
8061.299805,-1,-1,-1,-1,-1,1,-1,1,1
7979.100098000001,-1,-1,1,-1,-1,1,-1,1,-1
7985.75,-1,-1,1,1,-1,1,-1,1,-1
7908.25,-1,-1,1,-1,-1,1,-1,1,-1
8032.850098000001,1,1,1,1,-1,1,-1,1,-1
8034.850098000001,1,1,1,-1,-1,1,-1,1,-1
8103.600098000001,1,1,1,1,-1,1,-1,1,1
8185.799805,1,1,1,-1,-1,1,-1,1,1
8179.5,1,1,-1,-1,-1,1,-1,1,1
8192.25,1,1,1,1,-1,1,-1,1,1
8190.5,1,1,-1,-1,-1,1,-1,1,1
8273.799805,1,1,-1,1,-1,1,-1,1,1
8243.799805,1,1,-1,-1,-1,1,-1,1,1
8236.049805,1,1,-1,-1,-1,1,-1,1,1
8288.599609,1,1,-1,1,-1,1,-1,1,1
8380.650391,1,1,-1,1,-1,1,-1,1,1
8407.200195,1,1,-1,-1,-1,1,-1,1,1
8400.349609,1,1,-1,-1,-1,1,-1,1,1
8412.799805,1,1,-1,1,-1,1,-1,1,1
8398.0,1,1,-1,-1,-1,1,-1,1,1
8417.0,1,1,-1,1,-1,1,-1,1,1
8435.099609,1,1,-1,1,-1,1,-1,1,1
8349.349609,-1,-1,-1,-1,-1,1,-1,1,1
8391.5,-1,-1,1,1,-1,1,-1,1,1
8475.799805,1,1,-1,1,-1,1,-1,1,1
8602.75,1,1,-1,1,-1,1,-1,1,1
8641.25,1,1,-1,-1,-1,1,-1,1,1
8632.75,1,1,-1,-1,-1,1,-1,1,1
8561.299805,1,-1,-1,-1,-1,1,-1,1,1
8716.400391,1,1,-1,1,-1,1,-1,1,1
8734.25,1,1,-1,1,-1,1,-1,1,1
8740.950195,1,1,-1,1,-1,1,-1,1,1
8801.049805,1,1,-1,1,-1,1,-1,1,1
8768.299805,1,1,-1,-1,-1,1,-1,1,1
8769.049805,1,1,-1,1,-1,1,-1,1,1
8778.400391,1,1,-1,1,-1,1,-1,1,1
8793.549805,1,1,-1,1,-1,1,-1,1,1
8805.049805,1,1,-1,1,-1,1,-1,1,1
8792.299805,1,1,-1,-1,-1,1,-1,1,1
8724.700195,-1,-1,-1,-1,-1,1,-1,1,-1
8778.0,1,1,1,1,-1,1,-1,1,-1
8821.700195,1,1,1,1,-1,1,-1,1,-1
8879.200195,1,1,-1,1,-1,1,-1,1,-1
8907.849609,1,1,-1,-1,-1,1,-1,1,-1
8926.900391,1,1,-1,-1,-1,1,-1,1,1
8939.5,1,1,-1,-1,-1,1,-1,1,1
8896.700195,1,-1,-1,-1,-1,1,-1,1,-1
8879.599609,-1,-1,-1,-1,-1,1,-1,1,-1
8945.799805,1,1,-1,1,-1,1,-1,1,-1
8899.75,-1,-1,-1,-1,-1,1,-1,1,-1
8897.549805,-1,-1,-1,-1,-1,1,-1,1,-1
8963.450195,1,1,1,1,-1,1,-1,1,-1
8946.900391,1,1,-1,-1,-1,1,-1,1,-1
8924.299805,1,-1,-1,-1,-1,1,-1,1,-1
8927.0,-1,-1,1,1,-1,1,-1,1,-1
8934.549805,1,1,1,1,-1,1,-1,1,-1
9087.0,1,1,-1,1,-1,1,-1,1,-1
9084.799805,1,1,-1,-1,-1,1,-1,1,-1
9153.700195,1,1,-1,1,-1,1,-1,1,1
9160.049805,1,1,-1,-1,-1,1,-1,1,1
9126.849609,1,1,-1,-1,-1,1,-1,1,1
9121.5,1,1,-1,-1,-1,1,-1,1,1
9030.450195,-1,-1,-1,-1,-1,1,-1,1,-1
9086.299805,-1,-1,1,1,-1,1,-1,1,-1
9108.0,-1,1,1,1,-1,1,-1,1,-1
9045.200195,-1,-1,-1,-1,-1,1,-1,1,-1
9100.799805,1,1,1,1,-1,1,-1,1,-1
9143.799805,1,1,1,1,-1,1,-1,1,-1
9173.75,1,1,1,1,-1,1,-1,1,-1
9173.75,1,1,-1,-1,-1,1,-1,1,-1
9237.849609,1,1,-1,1,-1,1,-1,1,-1
9265.150391,1,1,-1,-1,-1,1,-1,1,1
9261.950195,1,1,-1,-1,-1,1,-1,1,1
9198.299805,-1,-1,-1,-1,-1,1,-1,1,-1
9181.450195,-1,-1,-1,-1,-1,1,-1,1,-1
9237.0,1,1,1,1,-1,1,-1,1,-1
9203.450195,-1,-1,-1,-1,-1,1,-1,1,-1
9150.799805,-1,-1,-1,-1,-1,1,-1,1,-1
9139.299805,-1,-1,-1,-1,-1,1,-1,1,-1
9105.150391,-1,-1,-1,-1,-1,1,-1,1,-1
9103.5,-1,-1,-1,-1,-1,1,-1,1,-1
9136.400391,-1,1,1,1,-1,1,-1,1,-1
9119.400391,-1,-1,-1,-1,-1,1,-1,1,-1
9217.950195,1,1,1,1,-1,1,-1,1,-1
9306.599609,1,1,-1,-1,-1,1,-1,1,-1
9351.849609,1,1,-1,-1,-1,1,-1,1,1
9342.150391,1,1,-1,-1,-1,1,-1,1,1
9304.049805,1,1,-1,-1,-1,1,-1,1,1
9313.799805,1,1,1,1,-1,1,-1,1,1
9311.950195,1,-1,-1,-1,-1,1,-1,1,1
9359.900391,1,1,-1,1,-1,1,-1,1,1
9285.299805,-1,-1,-1,-1,-1,1,-1,1,1
9314.049805,-1,-1,1,1,-1,1,-1,1,1
9316.849609,1,1,1,1,-1,1,-1,1,-1
9407.299805,1,1,-1,1,-1,1,-1,1,1
9422.400391,1,1,-1,1,-1,1,-1,1,1
9400.900391,1,1,-1,-1,-1,1,-1,1,1
9445.400391,1,1,-1,1,-1,1,-1,1,1
9512.25,1,1,-1,1,-1,1,-1,1,1
9525.75,1,1,-1,-1,-1,1,-1,1,1
9429.450195,-1,-1,-1,-1,-1,1,-1,1,1
9427.900391,-1,-1,-1,-1,-1,1,-1,1,1
9438.25,-1,-1,1,1,-1,1,-1,1,-1
9386.150391,-1,-1,-1,-1,-1,1,-1,1,-1
9360.549805,-1,-1,-1,-1,-1,1,-1,1,-1
9509.75,1,1,1,1,-1,1,-1,1,-1
9595.099609,1,1,-1,-1,-1,1,-1,1,1
9604.900391,1,1,-1,-1,-1,1,-1,1,1
9624.549805,1,1,-1,-1,-1,1,-1,1,1
9621.25,1,1,-1,-1,-1,1,-1,1,1
9616.099609,1,1,-1,-1,-1,1,-1,1,1
9653.5,1,1,-1,1,-1,1,-1,1,1
9675.099609,1,1,-1,-1,-1,1,-1,1,1
9637.150391,1,-1,-1,-1,-1,1,-1,1,1
9663.900391,1,1,-1,1,-1,1,-1,1,1
9647.25,1,-1,-1,-1,-1,1,-1,1,1
9668.25,1,1,1,1,-1,1,-1,1,1
9616.400391,-1,-1,-1,-1,-1,1,-1,1,-1
9606.900391,-1,-1,-1,-1,-1,1,-1,1,-1
9618.150391,-1,-1,1,1,-1,1,-1,1,-1
9578.049805,-1,-1,-1,-1,-1,1,-1,1,-1
9588.049805,-1,-1,1,1,-1,1,-1,1,-1
9657.549805,1,1,1,1,-1,1,-1,1,-1
9653.5,1,1,-1,-1,-1,1,-1,1,-1
9633.599609,1,1,-1,-1,-1,1,-1,1,-1
9630.0,1,-1,-1,-1,-1,1,-1,1,-1
9574.950195,-1,-1,-1,-1,-1,1,-1,1,-1
9511.400391,-1,-1,1,-1,-1,1,-1,1,-1
9491.25,-1,-1,1,-1,-1,1,-1,1,-1
9504.099609,-1,-1,1,1,-1,1,-1,1,-1
9520.900391,-1,-1,1,1,-1,1,-1,1,-1
9615.0,1,1,1,1,-1,1,-1,1,-1
9613.299805,1,1,-1,-1,-1,1,-1,1,-1
9637.599609,1,1,1,1,-1,1,-1,1,-1
9674.549805,1,1,-1,-1,-1,1,-1,1,-1
9665.799805,1,1,-1,-1,-1,1,-1,1,1
9771.049805,1,1,-1,1,-1,1,-1,1,1
9786.049805,1,1,-1,-1,-1,1,-1,1,1
9816.099609,1,1,-1,-1,-1,1,-1,1,1
9891.700195,1,1,-1,1,-1,1,-1,1,1
9886.349609,1,1,-1,-1,-1,1,-1,1,1
9915.950195,1,1,-1,1,-1,1,-1,1,1
9827.150391,-1,-1,-1,-1,-1,1,-1,1,1
9899.599609,1,1,1,1,-1,1,-1,1,1
9873.299805,1,-1,-1,-1,-1,1,-1,1,1
9915.25,1,1,1,1,-1,1,-1,1,1
9966.400391,1,1,-1,1,-1,1,-1,1,1
9964.549805,1,1,-1,-1,-1,1,-1,1,1
10020.650391,1,1,-1,1,-1,1,-1,1,1
10020.549805,1,1,-1,-1,-1,1,-1,1,1
10014.5,1,1,-1,-1,-1,1,-1,1,1
10077.099609,1,1,-1,1,-1,1,-1,1,1
10114.650391,1,1,-1,-1,-1,1,-1,1,1
10081.5,1,1,-1,-1,-1,1,-1,1,1
10013.650391,-1,-1,-1,-1,-1,1,-1,1,1
10066.400391,1,1,1,1,-1,1,-1,1,1
10057.400391,-1,-1,-1,-1,-1,1,-1,1,-1
9978.549805,-1,-1,-1,-1,-1,1,-1,1,-1
9908.049805,-1,-1,-1,-1,-1,1,-1,1,-1
9820.25,-1,-1,1,-1,-1,1,-1,1,-1
9710.799805,-1,-1,1,-1,-1,1,-1,1,-1
9794.150391,-1,-1,1,1,-1,1,-1,1,-1
9897.299805,1,1,1,1,-1,1,-1,1,-1
9904.150391,1,1,1,-1,-1,1,-1,1,-1
9837.400391,-1,-1,-1,-1,-1,1,-1,1,-1
9754.349609,-1,-1,-1,-1,-1,1,-1,1,-1
9765.549805,-1,-1,1,1,-1,1,-1,1,-1
9852.5,1,1,1,1,-1,1,-1,1,-1
9857.049805,1,1,1,1,-1,1,-1,1,-1
9912.799805,1,1,1,-1,-1,1,-1,1,-1
9796.049805,-1,-1,-1,-1,-1,1,-1,1,-1
9884.400391,1,1,1,1,-1,1,-1,1,-1
9917.900391,1,1,1,1,-1,1,-1,1,-1
9974.400391,1,1,1,1,-1,1,-1,1,1
9912.849609,1,1,-1,-1,-1,1,-1,1,1
9952.200195,1,1,1,-1,-1,1,-1,1,1
9916.200195,1,-1,-1,-1,-1,1,-1,1,1
9929.900391,1,-1,1,1,-1,1,-1,1,1
9934.799805,1,1,1,1,-1,1,-1,1,1
10006.049805,1,1,1,1,-1,1,-1,1,1
10093.049805,1,1,-1,-1,-1,1,-1,1,1
10079.299805,1,1,-1,-1,-1,1,-1,1,1
10086.599609,1,1,-1,1,-1,1,-1,1,1
10085.400391,1,1,-1,-1,-1,1,-1,1,1
10153.099609,1,1,-1,1,-1,1,-1,1,1
10147.549805,1,1,-1,-1,-1,1,-1,1,1
10141.150391,1,1,-1,-1,-1,1,-1,1,1
10121.900391,1,-1,-1,-1,-1,1,-1,1,1
9964.400391,-1,-1,-1,-1,-1,1,-1,1,1
9872.599609,-1,-1,1,-1,-1,1,-1,1,-1
9871.5,-1,-1,1,-1,-1,1,-1,1,-1
9735.75,-1,-1,1,-1,-1,1,-1,1,-1
9768.950195,-1,-1,1,1,-1,1,-1,1,-1
9788.599609,-1,-1,1,1,-1,1,-1,1,-1
9859.5,1,1,1,-1,-1,1,-1,1,-1
9914.900391,1,1,1,-1,-1,1,-1,1,-1
9888.700195,1,1,-1,-1,-1,1,-1,1,-1
9979.700195,1,1,1,1,-1,1,-1,1,-1
9988.75,1,1,1,-1,-1,1,-1,1,-1
10016.950195,1,1,1,1,-1,1,-1,1,1
9984.799805,1,1,-1,-1,-1,1,-1,1,1
10096.400391,1,1,-1,1,-1,1,-1,1,1
10167.450195,1,1,-1,-1,-1,1,-1,1,1
10230.849609,1,1,-1,-1,-1,1,-1,1,1
10234.450195,1,1,-1,-1,-1,1,-1,1,1
10210.849609,1,1,-1,-1,-1,1,-1,1,1
10146.549805,-1,-1,-1,-1,-1,1,-1,1,1
10184.849609,1,-1,1,1,-1,1,-1,1,1
10207.700195,1,1,1,1,-1,1,-1,1,1
10295.349609,1,1,-1,1,-1,1,-1,1,1
10343.799805,1,1,-1,-1,-1,1,-1,1,1
10323.049805,1,1,-1,-1,-1,1,-1,1,1
10363.650391,1,1,-1,1,-1,1,-1,1,1
10335.299805,1,1,-1,-1,-1,1,-1,1,1
10440.5,1,1,-1,1,-1,1,-1,1,1
10423.799805,1,1,-1,-1,-1,1,-1,1,1
10452.5,1,1,-1,1,-1,1,-1,1,1
10451.799805,1,1,-1,-1,-1,1,-1,1,1
10350.150391,-1,-1,-1,-1,-1,1,-1,1,1
10303.150391,-1,-1,-1,-1,-1,1,-1,1,-1
10308.950195,-1,-1,1,1,-1,1,-1,1,-1
10321.75,-1,-1,1,1,-1,1,-1,1,-1
10224.950195,-1,-1,-1,-1,-1,1,-1,1,-1
10186.599609,-1,-1,1,-1,-1,1,-1,1,-1
10118.049805,-1,-1,1,-1,-1,1,-1,1,-1
10214.75,-1,1,1,1,-1,1,-1,1,-1
10283.599609,1,1,1,1,-1,1,-1,1,-1
10298.75,1,1,1,-1,-1,1,-1,1,-1
10326.900391,1,1,1,-1,-1,1,-1,1,-1
10342.299805,1,1,1,-1,-1,1,-1,1,-1
10348.75,1,1,1,-1,-1,1,-1,1,-1
10389.700195,1,1,1,-1,-1,1,-1,1,-1
10399.549805,1,1,1,1,-1,1,-1,1,1
10370.25,1,1,-1,-1,-1,1,-1,1,1
10361.299805,-1,-1,-1,-1,-1,1,-1,1,1
10226.549805,-1,-1,-1,-1,-1,1,-1,1,-1
10121.799805,-1,-1,1,-1,-1,1,-1,1,-1
10127.75,-1,-1,1,1,-1,1,-1,1,-1
10118.25,-1,-1,1,-1,-1,1,-1,1,-1
10044.099609,-1,-1,1,-1,-1,1,-1,1,-1
10166.700195,1,1,1,1,-1,1,-1,1,-1
10265.650391,1,1,1,-1,-1,1,-1,1,-1
10322.25,1,1,1,-1,-1,1,-1,1,-1
10240.150391,1,1,-1,-1,-1,1,-1,1,-1
10192.950195,1,-1,-1,-1,-1,1,-1,1,-1
10252.099609,1,1,1,1,-1,1,-1,1,-1
10333.25,1,1,1,1,-1,1,-1,1,1
10388.75,1,1,1,1,-1,1,-1,1,1
10463.200195,1,1,-1,-1,-1,1,-1,1,1
10444.200195,1,1,-1,-1,-1,1,-1,1,1
10440.299805,1,1,-1,-1,-1,1,-1,1,1
10493.0,1,1,-1,1,-1,1,-1,1,1
10531.5,1,1,-1,-1,-1,1,-1,1,1
10490.75,1,1,-1,-1,-1,1,-1,1,1
10477.900391,1,-1,-1,-1,-1,1,-1,1,1
10530.700195,1,1,1,1,-1,1,-1,1,1
10486.450195,-1,-1,-1,-1,-1,1,-1,1,1
10442.200195,-1,-1,-1,-1,-1,1,-1,1,1
10443.200195,-1,-1,1,1,-1,1,-1,1,1
10504.799805,1,1,1,1,-1,1,-1,1,1
10558.849609,1,1,1,1,-1,1,-1,1,1
10623.599609,1,1,-1,-1,-1,1,-1,1,1
10637.0,1,1,-1,-1,-1,1,-1,1,1
10632.200195,1,1,-1,-1,-1,1,-1,1,1
10651.200195,1,1,-1,1,-1,1,-1,1,1
10681.25,1,1,-1,-1,-1,1,-1,1,1
10741.549805,1,1,-1,-1,-1,1,-1,1,1
10700.450195,1,1,-1,-1,-1,1,-1,1,1
10788.549805,1,1,-1,1,-1,1,-1,1,1
10817.0,1,1,-1,1,-1,1,-1,1,1
10894.700195,1,1,-1,1,-1,1,-1,1,1
10966.200195,1,1,-1,-1,-1,1,-1,1,1
11083.700195,1,1,-1,-1,-1,1,-1,1,1
11086.0,1,1,-1,-1,-1,1,-1,1,1
11069.650391,1,1,-1,-1,-1,1,-1,1,1
11130.400391,1,1,-1,1,-1,1,-1,1,1
11049.650391,1,-1,-1,-1,-1,1,-1,1,1
11027.700195,-1,-1,-1,-1,-1,1,-1,1,1
11016.900391,-1,-1,-1,-1,-1,1,-1,1,1
10760.599609,-1,-1,-1,-1,-1,1,-1,1,-1
10666.549805,-1,-1,1,-1,-1,1,-1,1,-1
10498.25,-1,-1,1,-1,-1,1,-1,1,-1
10476.700195,-1,-1,1,-1,-1,1,-1,1,-1
10576.849609,-1,-1,1,1,-1,1,-1,1,-1
10454.950195,-1,-1,1,-1,-1,1,-1,1,-1
10539.75,-1,1,1,1,-1,1,-1,1,-1
10500.900391,-1,-1,-1,-1,-1,1,-1,1,-1
10545.5,1,1,1,1,-1,1,-1,1,-1
10452.299805,-1,-1,-1,-1,-1,1,-1,1,-1
10378.400391,-1,-1,1,-1,-1,1,-1,1,-1
10360.400391,-1,-1,1,-1,-1,1,-1,1,-1
10397.450195,-1,-1,1,1,-1,1,-1,1,-1
10382.700195,-1,-1,-1,1,-1,1,-1,1,-1
10491.049805,1,1,1,1,-1,1,-1,1,-1
10582.599609,1,1,1,-1,-1,1,-1,1,-1
10554.299805,1,1,-1,-1,-1,1,-1,1,-1
10492.849609,1,-1,-1,-1,-1,1,-1,1,-1
10458.349609,-1,-1,-1,-1,-1,1,-1,1,-1
10358.849609,-1,-1,-1,-1,-1,1,-1,1,-1
10249.25,-1,-1,1,-1,-1,1,-1,1,-1
10154.200195,-1,-1,1,-1,-1,1,-1,1,-1
10242.650391,-1,-1,1,1,-1,1,-1,1,-1
10226.849609,-1,-1,-1,1,-1,1,-1,1,-1
10421.400391,1,1,1,1,-1,1,-1,1,-1
10426.849609,1,1,1,-1,-1,1,-1,1,1
10410.900391,1,1,-1,-1,-1,1,-1,1,1
10360.150391,1,-1,-1,-1,-1,1,-1,1,1
10195.150391,-1,-1,-1,-1,-1,1,-1,1,1
10094.25,-1,-1,1,-1,-1,1,-1,1,-1
10124.349609,-1,-1,1,1,-1,1,-1,1,-1
10155.25,-1,-1,1,1,-1,1,-1,1,-1
10114.75,-1,-1,-1,1,-1,1,-1,1,-1
9998.049805,-1,-1,1,-1,-1,1,-1,1,-1
10130.650391,1,1,1,1,-1,1,-1,1,-1
10184.150391,1,1,1,-1,-1,1,-1,1,-1
10113.700195,-1,-1,-1,-1,-1,1,-1,1,-1
10211.799805,1,1,1,1,-1,1,-1,1,1
10245.0,1,1,1,-1,-1,1,-1,1,1
10128.400391,-1,-1,-1,-1,-1,1,-1,1,1
10325.150391,1,1,1,1,-1,1,-1,1,1
10331.599609,1,1,1,-1,-1,1,-1,1,1
10379.349609,1,1,1,-1,-1,1,-1,1,1
10402.25,1,1,1,-1,-1,1,-1,1,1
10417.150391,1,1,1,-1,-1,1,-1,1,1
10458.650391,1,1,-1,-1,-1,1,-1,1,1
10480.599609,1,1,-1,-1,-1,1,-1,1,1
10528.349609,1,1,-1,-1,-1,1,-1,1,1
10548.700195,1,1,-1,-1,-1,1,-1,1,1
10526.200195,1,1,-1,-1,-1,1,-1,1,1
10565.299805,1,1,-1,1,-1,1,-1,1,1
10564.049805,1,1,-1,-1,-1,1,-1,1,1
10584.700195,1,1,-1,1,-1,1,-1,1,1
10614.349609,1,1,-1,1,-1,1,-1,1,1
10570.549805,1,-1,-1,-1,-1,1,-1,1,1
10617.799805,1,1,-1,1,-1,1,-1,1,1
10692.299805,1,1,-1,1,-1,1,-1,1,1
10739.349609,1,1,-1,1,-1,1,-1,1,1
10718.049805,1,1,-1,-1,-1,1,-1,1,1
10679.650391,1,-1,-1,-1,-1,1,-1,1,1
10618.25,-1,-1,-1,-1,-1,1,-1,1,1
10715.5,1,1,1,1,-1,1,-1,1,1
10717.799805,1,1,1,1,-1,1,-1,1,1
10741.700195,1,1,1,1,-1,1,-1,1,1
10716.549805,1,1,-1,-1,-1,1,-1,1,1
10806.5,1,1,-1,1,-1,1,-1,1,1
10806.599609,1,1,-1,-1,-1,1,-1,1,1
10801.849609,1,1,-1,-1,-1,1,-1,1,1
10741.099609,-1,-1,-1,-1,-1,1,-1,1,1
10682.700195,-1,-1,-1,-1,-1,1,-1,1,-1
10596.400391,-1,-1,-1,-1,-1,1,-1,1,-1
10516.700195,-1,-1,1,-1,-1,1,-1,1,-1
10536.700195,-1,-1,1,1,-1,1,-1,1,-1
10430.349609,-1,-1,1,-1,-1,1,-1,1,-1
10513.849609,-1,-1,1,1,-1,1,-1,1,-1
10605.150391,1,1,1,-1,-1,1,-1,1,-1
10688.650391,1,1,1,-1,-1,1,-1,1,-1
10633.299805,1,1,-1,-1,-1,1,-1,1,-1
10614.349609,1,1,-1,-1,-1,1,-1,1,-1
10736.150391,1,1,1,1,-1,1,-1,1,-1
10696.200195,1,1,-1,-1,-1,1,-1,1,-1
10628.5,-1,-1,-1,-1,-1,1,-1,1,-1
10593.150391,-1,-1,-1,-1,-1,1,-1,1,-1
10684.650391,1,1,1,1,-1,1,-1,1,-1
10768.349609,1,1,1,1,-1,1,-1,1,1
10767.650391,1,1,-1,-1,-1,1,-1,1,1
10786.950195,1,1,1,1,-1,1,-1,1,1
10842.849609,1,1,-1,-1,-1,1,-1,1,1
10856.700195,1,1,-1,-1,-1,1,-1,1,1
10808.049805,1,-1,-1,-1,-1,1,-1,1,1
10817.700195,1,1,1,1,-1,1,-1,1,1
10799.849609,-1,-1,-1,-1,-1,1,-1,1,1
10710.450195,-1,-1,-1,-1,-1,1,-1,1,1
10772.049805,-1,-1,1,1,-1,1,-1,1,-1
10741.099609,-1,-1,-1,-1,-1,1,-1,1,-1
10821.849609,1,1,1,1,-1,1,-1,1,-1
10762.450195,-1,-1,-1,-1,-1,1,-1,1,-1
10769.150391,1,-1,1,-1,-1,1,-1,1,-1
10671.400391,-1,-1,-1,-1,-1,1,-1,1,-1
10589.099609,-1,-1,1,-1,-1,1,-1,1,-1
10714.299805,-1,1,1,1,-1,1,-1,1,-1
10657.299805,-1,-1,-1,-1,-1,1,-1,1,-1
10699.900391,1,1,1,1,-1,1,-1,1,-1
10769.900391,1,1,1,1,-1,1,-1,1,-1
10749.75,1,1,-1,-1,-1,1,-1,1,-1
10772.650391,1,1,1,1,-1,1,-1,1,-1
10852.900391,1,1,1,-1,-1,1,-1,1,1
10947.25,1,1,-1,1,-1,1,-1,1,1
10948.299805,1,1,-1,-1,-1,1,-1,1,1
11023.200195,1,1,-1,-1,-1,1,-1,1,1
11018.900391,1,1,-1,-1,-1,1,-1,1,1
10936.849609,1,-1,-1,-1,-1,1,-1,1,1
11008.049805,1,1,1,1,-1,1,-1,1,1
10980.450195,1,-1,-1,-1,-1,1,-1,1,1
10957.099609,-1,-1,-1,-1,-1,1,-1,1,1
11010.200195,1,1,1,1,-1,1,-1,1,1
11084.75,1,1,-1,1,-1,1,-1,1,1
11134.299805,1,1,-1,-1,-1,1,-1,1,1
11132.0,1,1,-1,-1,-1,1,-1,1,1
11167.299805,1,1,-1,1,-1,1,-1,1,1
11278.349609,1,1,-1,-1,-1,1,-1,1,1
11319.549805,1,1,-1,-1,-1,1,-1,1,1
11356.5,1,1,-1,-1,-1,1,-1,1,1
11346.200195,1,1,-1,-1,-1,1,-1,1,1
11244.700195,-1,-1,-1,-1,-1,1,-1,1,1
11360.799805,1,1,-1,1,-1,1,-1,1,1
11387.099609,1,1,-1,1,-1,1,-1,1,1
11389.450195,1,1,-1,1,-1,1,-1,1,1
11450.0,1,1,-1,1,-1,1,-1,1,1
11470.700195,1,1,-1,-1,-1,1,-1,1,1
11429.5,1,1,-1,-1,-1,1,-1,1,1
11355.75,-1,-1,-1,-1,-1,1,-1,1,1
11435.099609,1,1,1,1,-1,1,-1,1,-1
11385.049805,-1,-1,-1,-1,-1,1,-1,1,-1
11470.75,1,1,1,1,-1,1,-1,1,-1
11551.75,1,1,-1,1,-1,1,-1,1,-1
11570.900391,1,1,-1,-1,-1,1,-1,1,1
11582.75,1,1,-1,-1,-1,1,-1,1,1
11557.099609,1,1,-1,-1,-1,1,-1,1,1
11691.950195,1,1,-1,1,-1,1,-1,1,1
11738.5,1,1,-1,-1,-1,1,-1,1,1
11691.900391,1,1,-1,-1,-1,1,-1,1,1
11676.799805,1,1,-1,-1,-1,1,-1,1,1
11680.5,1,1,1,1,-1,1,-1,1,1
11582.349609,-1,-1,-1,-1,-1,1,-1,1,-1
11520.299805,-1,-1,-1,-1,-1,1,-1,1,-1
11476.950195,-1,-1,-1,-1,-1,1,-1,1,-1
11536.900391,-1,-1,1,1,-1,1,-1,1,-1
11589.099609,1,1,1,1,-1,1,-1,1,-1
11438.099609,-1,-1,-1,-1,-1,1,-1,1,-1
11287.5,-1,-1,1,-1,-1,1,-1,1,-1
11369.900391,-1,-1,1,1,-1,1,-1,1,-1
11515.200195,1,1,1,1,-1,1,-1,1,-1
11377.75,-1,-1,-1,-1,-1,1,-1,1,-1
11278.900391,-1,-1,-1,-1,-1,1,-1,1,-1
11234.349609,-1,-1,-1,-1,-1,1,-1,1,-1
11143.099609,-1,-1,1,-1,-1,1,-1,1,-1
10967.400391,-1,-1,1,-1,-1,1,-1,1,-1
11067.450195,-1,-1,1,1,-1,1,-1,1,-1
11053.799805,-1,-1,-1,1,-1,1,-1,1,-1
10977.549805,-1,-1,1,-1,-1,1,-1,1,-1
10930.450195,-1,-1,1,-1,-1,1,-1,1,-1
11008.299805,-1,1,1,1,-1,1,-1,1,-1
10858.25,-1,-1,1,-1,-1,1,-1,1,-1
10599.25,-1,-1,1,-1,-1,1,-1,1,-1
10316.450195,-1,-1,1,-1,-1,1,-1,1,-1
10348.049805,-1,-1,1,1,-1,1,-1,1,-1
10301.049805,-1,-1,1,1,-1,1,-1,1,-1
10460.099609,-1,1,1,1,-1,1,-1,1,-1
10234.650391,-1,-1,1,-1,-1,1,-1,1,-1
10472.5,1,1,1,1,-1,1,-1,1,-1
10512.5,1,1,1,-1,-1,1,-1,1,-1
10584.75,1,1,1,-1,-1,1,-1,1,-1
10453.049805,1,-1,-1,-1,-1,1,-1,1,-1
10303.549805,-1,-1,-1,-1,-1,1,-1,1,-1
10245.25,-1,-1,-1,-1,-1,1,-1,1,-1
10146.799805,-1,-1,1,-1,-1,1,-1,1,-1
10224.75,-1,-1,1,1,-1,1,-1,1,-1
10124.900391,-1,-1,-1,-1,-1,1,-1,1,-1
10030.0,-1,-1,1,-1,-1,1,-1,1,-1
10250.849609,1,1,1,1,-1,1,-1,1,1
10198.400391,1,1,-1,-1,-1,1,-1,1,1
10386.599609,1,1,1,1,-1,1,-1,1,1
10380.450195,1,1,-1,-1,-1,1,-1,1,1
10553.0,1,1,1,1,-1,1,-1,1,1
10524.0,1,1,-1,-1,-1,1,-1,1,1
10530.0,1,1,1,-1,-1,1,-1,1,1
10598.400391,1,1,1,1,-1,1,-1,1,1
10585.200195,1,1,-1,-1,-1,1,-1,1,1
10482.200195,-1,-1,-1,-1,-1,1,-1,1,1
10582.5,1,1,1,1,-1,1,-1,1,1
10576.299805,1,1,-1,-1,-1,1,-1,1,1
10616.700195,1,1,1,1,-1,1,-1,1,1
10682.200195,1,1,1,1,-1,1,-1,1,1
10763.400391,1,1,-1,-1,-1,1,-1,1,1
10656.200195,1,-1,-1,-1,-1,1,-1,1,1
10600.049805,-1,-1,-1,-1,-1,1,-1,1,1
10526.75,-1,-1,-1,-1,-1,1,-1,1,1
10628.599609,-1,1,1,1,-1,1,-1,1,1
10685.599609,1,1,1,1,-1,1,-1,1,1
10728.849609,1,1,1,-1,-1,1,-1,1,1
10858.700195,1,1,-1,-1,-1,1,-1,1,1
10876.75,1,1,-1,1,-1,1,-1,1,1
10883.75,1,1,-1,-1,-1,1,-1,1,1
10869.5,1,1,-1,-1,-1,1,-1,1,1
10782.900391,-1,-1,-1,-1,-1,1,-1,1,1
10601.150391,-1,-1,-1,-1,-1,1,-1,1,1
10693.700195,-1,-1,1,1,-1,1,-1,1,1
10488.450195,-1,-1,-1,-1,-1,1,-1,1,-1
10549.150391,-1,-1,1,1,-1,1,-1,1,-1
10737.599609,1,1,1,1,-1,1,-1,1,-1
10791.549805,1,1,1,-1,-1,1,-1,1,-1
10805.450195,1,1,1,1,-1,1,-1,1,1
10888.349609,1,1,1,1,-1,1,-1,1,1
10908.700195,1,1,1,-1,-1,1,-1,1,1
10967.299805,1,1,-1,-1,-1,1,-1,1,1
10951.700195,1,1,-1,-1,-1,1,-1,1,1
10754.0,-1,-1,-1,-1,-1,1,-1,1,1
10663.5,-1,-1,-1,-1,-1,1,-1,1,-1
10729.849609,-1,-1,1,1,-1,1,-1,1,-1
10779.799805,-1,-1,1,1,-1,1,-1,1,-1
10859.900391,1,1,1,1,-1,1,-1,1,-1
10862.549805,1,1,1,-1,-1,1,-1,1,-1
10827.524902500001,1,1,-1,-1,-1,1,-1,1,-1
10792.5,1,-1,-1,-1,-1,1,-1,1,-1
10672.25,-1,-1,-1,-1,-1,1,-1,1,-1
10727.349609,-1,-1,1,1,-1,1,-1,1,-1
10771.799805,-1,1,1,1,-1,1,-1,1,-1
10802.150391,1,1,1,1,-1,1,-1,1,-1
10855.150391,1,1,1,-1,-1,1,-1,1,-1
10821.599609,1,1,-1,-1,-1,1,-1,1,-1
10794.950195,1,-1,-1,-1,-1,1,-1,1,-1
10737.599609,-1,-1,-1,-1,-1,1,-1,1,-1
10886.799805,1,1,1,1,-1,1,-1,1,-1
10890.299805,1,1,1,-1,-1,1,-1,1,1
10905.200195,1,1,1,-1,-1,1,-1,1,1
10906.950195,1,1,1,-1,-1,1,-1,1,1
10961.849609,1,1,1,-1,-1,1,-1,1,1
10922.75,1,1,-1,-1,-1,1,-1,1,1
10831.5,-1,-1,-1,-1,-1,1,-1,1,1
10849.799805,-1,-1,1,1,-1,1,-1,1,-1
10780.549805,-1,-1,-1,-1,-1,1,-1,1,-1
10661.549805,-1,-1,1,-1,-1,1,-1,1,-1
10652.200195,-1,-1,1,-1,-1,1,-1,1,-1
10651.799805,-1,-1,1,-1,-1,1,-1,1,-1
10830.950195,1,1,1,1,-1,1,-1,1,-1
10893.650391,1,1,1,-1,-1,1,-1,1,-1
10912.25,1,1,1,-1,-1,1,-1,1,1
10934.349609,1,1,1,-1,-1,1,-1,1,1
11062.450195,1,1,-1,-1,-1,1,-1,1,1
11069.400391,1,1,-1,-1,-1,1,-1,1,1
10943.599609,-1,-1,-1,-1,-1,1,-1,1,1
10888.799805,-1,-1,-1,-1,-1,1,-1,1,1
10831.400391,-1,-1,-1,-1,-1,1,-1,1,1
10746.049805,-1,-1,-1,-1,-1,1,-1,1,-1
10724.400391,-1,-1,-1,-1,-1,1,-1,1,-1
10640.950195,-1,-1,1,-1,-1,1,-1,1,-1
10604.349609,-1,-1,1,-1,-1,1,-1,1,-1
10735.450195,-1,1,1,1,-1,1,-1,1,-1
10789.849609,1,1,1,-1,-1,1,-1,1,-1
10791.650391,1,1,1,-1,-1,1,-1,1,-1
10880.099609,1,1,1,-1,-1,1,-1,1,-1
10835.299805,1,1,-1,-1,-1,1,-1,1,-1
10806.650391,1,-1,-1,-1,-1,1,-1,1,1
10792.5,-1,-1,-1,-1,-1,1,-1,1,1
10863.5,1,1,1,1,-1,1,-1,1,1
10987.450195,1,1,-1,1,-1,1,-1,1,1
11053.0,1,1,-1,-1,-1,1,-1,1,1
11058.200195,1,1,-1,-1,-1,1,-1,1,1
11035.400391,1,1,-1,-1,-1,1,-1,1,1
11168.049805,1,1,-1,1,-1,1,-1,1,1
11301.200195,1,1,-1,-1,-1,1,-1,1,1
11341.700195,1,1,-1,-1,-1,1,-1,1,1
11343.25,1,1,-1,-1,-1,1,-1,1,1
11426.849609,1,1,-1,-1,-1,1,-1,1,1
11462.200195,1,1,-1,-1,-1,1,-1,1,1
11532.400391,1,1,-1,-1,-1,1,-1,1,1
11521.049805,1,1,-1,-1,-1,1,-1,1,1
11456.900391,1,-1,-1,-1,-1,1,-1,1,1
11354.25,-1,-1,-1,-1,-1,1,-1,1,1
11483.25,1,1,1,1,-1,1,-1,1,1
11445.049805,-1,-1,-1,-1,-1,1,-1,1,1
11570.0,1,1,-1,1,-1,1,-1,1,1
11669.150391,1,1,-1,1,-1,1,-1,1,1
11713.200195,1,1,-1,-1,-1,1,-1,1,1
11643.950195,1,1,-1,-1,-1,1,-1,1,1
11598.0,1,-1,-1,-1,-1,1,-1,1,1
11665.950195,1,1,1,1,-1,1,-1,1,1
11604.5,-1,-1,-1,-1,-1,1,-1,1,-1
11671.950195,1,1,1,1,-1,1,-1,1,-1
11584.299805,-1,-1,-1,-1,-1,1,-1,1,-1
11596.700195,-1,-1,1,1,-1,1,-1,1,-1
11643.450195,1,1,1,1,-1,1,-1,1,-1
11690.349609,1,1,1,1,-1,1,-1,1,-1
11787.150391,1,1,-1,1,-1,1,-1,1,-1
11752.799805,1,1,-1,-1,-1,1,-1,1,-1
11594.450195,-1,-1,-1,-1,-1,1,-1,1,-1
11575.950195,-1,-1,-1,-1,-1,1,-1,1,-1
11726.150391,1,1,1,1,-1,1,-1,1,-1
11641.799805,-1,-1,-1,-1,-1,1,-1,1,-1
11754.650391,1,1,1,1,-1,1,-1,1,-1
11748.150391,1,1,-1,-1,-1,1,-1,1,-1
11724.75,1,1,-1,-1,-1,1,-1,1,-1
11712.25,1,-1,-1,-1,-1,1,-1,1,-1
11598.25,-1,-1,-1,-1,-1,1,-1,1,-1
11497.900391,-1,-1,-1,-1,-1,1,-1,1,-1
11359.450195,-1,-1,1,-1,-1,1,-1,1,-1
11301.799805,-1,-1,1,-1,-1,1,-1,1,-1
11278.900391,-1,-1,1,-1,-1,1,-1,1,-1
11148.200195,-1,-1,1,-1,-1,1,-1,1,-1
11222.049805,-1,-1,1,1,-1,1,-1,1,-1
11157.0,-1,-1,1,-1,-1,1,-1,1,-1
11257.099609,1,1,1,1,-1,1,-1,1,-1
11407.150391,1,1,1,-1,-1,1,-1,1,-1
11828.25,1,1,-1,-1,-1,1,-1,1,-1
11709.099609,1,1,-1,-1,-1,1,-1,1,1
11737.900391,1,1,1,-1,-1,1,-1,1,1
11657.049805,1,1,-1,-1,-1,1,-1,1,1
11844.099609,1,1,1,1,-1,1,-1,1,1
11924.75,1,1,-1,1,-1,1,-1,1,1
11928.75,1,1,-1,-1,-1,1,-1,1,1
11861.099609,1,1,-1,-1,-1,1,-1,1,1
11945.900391,1,1,1,1,-1,1,-1,1,1
11922.799805,1,1,-1,-1,-1,1,-1,1,1
12088.549805,1,1,-1,1,-1,1,-1,1,1
12021.650391,1,1,-1,-1,-1,1,-1,1,1
11843.75,-1,-1,-1,-1,-1,1,-1,1,1
11870.650391,-1,-1,1,1,-1,1,-1,1,1
11922.700195,-1,-1,1,1,-1,1,-1,1,1
11965.599609,1,1,1,1,-1,1,-1,1,1
11906.200195,-1,-1,-1,-1,-1,1,-1,1,1
11914.049805,-1,-1,1,-1,-1,1,-1,1,-1
11823.299805,-1,-1,-1,-1,-1,1,-1,1,-1
11672.150391,-1,-1,-1,-1,-1,1,-1,1,-1
11691.5,-1,-1,1,1,-1,1,-1,1,-1
11691.450195,-1,-1,-1,-1,-1,1,-1,1,-1
11831.75,1,1,1,1,-1,1,-1,1,-1
11724.099609,-1,-1,-1,-1,-1,1,-1,1,-1
11699.650391,-1,-1,-1,-1,-1,1,-1,1,-1
11796.450195,1,1,1,1,-1,1,-1,1,-1
11847.549805,1,1,1,1,-1,1,-1,1,-1
11841.549805,1,1,-1,-1,-1,1,-1,1,-1
11788.849609,-1,-1,-1,-1,-1,1,-1,1,-1
11865.599609,1,1,1,1,-1,1,-1,1,-1
11910.299805,1,1,1,-1,-1,1,-1,1,-1
11916.75,1,1,1,-1,-1,1,-1,1,1
11946.75,1,1,1,-1,-1,1,-1,1,1
11811.150391,-1,-1,-1,-1,-1,1,-1,1,1
11558.599609,-1,-1,1,-1,-1,1,-1,1,-1
11555.900391,-1,-1,1,-1,-1,1,-1,1,-1
11498.900391,-1,-1,1,-1,-1,1,-1,1,-1
11582.900391,-1,-1,1,1,-1,1,-1,1,-1
11552.5,-1,-1,-1,1,-1,1,-1,1,-1
11588.349609,-1,1,1,1,-1,1,-1,1,-1
11662.599609,1,1,1,-1,-1,1,-1,1,-1
11687.5,1,1,1,-1,-1,1,-1,1,-1
11596.900391,1,-1,-1,-1,-1,1,-1,1,-1
11419.25,-1,-1,1,-1,-1,1,-1,1,-1
11346.200195,-1,-1,1,-1,-1,1,-1,1,-1
11331.049805,-1,-1,1,-1,-1,1,-1,1,-1
11271.299805,-1,-1,1,-1,-1,1,-1,1,-1
11252.150391,-1,-1,1,-1,-1,1,-1,1,-1
11284.299805,-1,-1,1,1,-1,1,-1,1,-1
11189.200195,-1,-1,1,-1,-1,1,-1,1,-1
11085.400391,-1,-1,1,-1,-1,1,-1,1,-1
11118.0,-1,-1,1,1,-1,1,-1,1,-1
10980.0,-1,-1,1,-1,-1,1,-1,1,-1
10997.349609,-1,-1,1,1,-1,1,-1,1,-1
10862.599609,-1,-1,1,-1,-1,1,-1,1,-1
10948.25,-1,-1,1,1,-1,1,-1,1,-1
10855.5,-1,-1,1,-1,-1,1,-1,1,-1
11032.450195,1,1,1,1,-1,1,-1,1,-1
11109.650391,1,1,1,1,-1,1,-1,1,-1
10925.849609,-1,-1,-1,-1,-1,1,-1,1,-1
11029.400391,1,1,1,1,-1,1,-1,1,1
11047.799805,1,1,1,-1,-1,1,-1,1,1
11053.900391,1,1,1,1,-1,1,-1,1,1
11017.0,-1,-1,-1,-1,-1,1,-1,1,1
10918.700195,-1,-1,-1,-1,-1,1,-1,1,1
10741.349609,-1,-1,1,-1,-1,1,-1,1,1
10829.349609,-1,-1,1,1,-1,1,-1,1,1
11057.849609,1,1,1,1,-1,1,-1,1,1
11105.349609,1,1,1,1,-1,1,-1,1,1
11046.099609,1,1,-1,-1,-1,1,-1,1,1
10948.299805,-1,-1,-1,-1,-1,1,-1,1,1
11023.25,1,1,1,1,-1,1,-1,1,1
10797.900391,-1,-1,-1,-1,-1,1,-1,1,1
10844.650391,-1,-1,1,1,-1,1,-1,1,1
10847.900391,-1,-1,1,1,-1,1,-1,1,1
10946.200195,1,1,1,1,-1,1,-1,1,1
11003.049805,1,1,1,1,-1,1,-1,1,1
11035.700195,1,1,1,-1,-1,1,-1,1,1
10982.799805,1,1,-1,-1,-1,1,-1,1,1
11075.900391,1,1,1,1,-1,1,-1,1,1
11003.5,1,-1,-1,-1,-1,1,-1,1,1
10817.599609,-1,-1,-1,-1,-1,1,-1,1,1
10840.650391,-1,-1,1,1,-1,1,-1,1,1
10704.799805,-1,-1,-1,-1,-1,1,-1,1,-1
11274.200195,1,1,1,1,-1,1,-1,1,1
11600.200195,1,1,-1,-1,-1,1,-1,1,1
11588.200195,1,1,-1,-1,-1,1,-1,1,1
11440.200195,1,1,-1,-1,-1,1,-1,1,1
11571.200195,1,1,1,-1,-1,1,-1,1,1
11512.400391,1,1,-1,-1,-1,1,-1,1,1
11474.450195,-1,-1,-1,-1,-1,1,-1,1,1
11359.900391,-1,-1,-1,-1,-1,1,-1,1,1
11314.0,-1,-1,-1,-1,-1,1,-1,1,1
11174.75,-1,-1,-1,-1,-1,1,-1,1,1
11126.400391,-1,-1,-1,-1,-1,1,-1,1,-1
11313.299805,-1,1,1,1,-1,1,-1,1,-1
11234.549805,-1,-1,-1,-1,-1,1,-1,1,-1
11305.049805,1,1,1,1,-1,1,-1,1,-1
11341.150391,1,1,1,1,-1,1,-1,1,-1
11428.299805,1,1,1,-1,-1,1,-1,1,-1
11464.0,1,1,1,-1,-1,1,-1,1,1
11586.349609,1,1,-1,-1,-1,1,-1,1,1
11661.849609,1,1,-1,-1,-1,1,-1,1,1
11588.349609,1,1,-1,-1,-1,1,-1,1,1
11604.099609,1,1,1,-1,-1,1,-1,1,1
11582.599609,1,-1,-1,-1,-1,1,-1,1,1
11583.900391,1,-1,1,1,-1,1,-1,1,1
11685.375,1,1,-1,1,-1,1,-1,1,1
11786.849609,1,1,-1,-1,-1,1,-1,1,1
11844.099609,1,1,-1,-1,-1,1,-1,1,1
11877.450195,1,1,-1,-1,-1,1,-1,1,1
11890.599609,1,1,-1,-1,-1,1,-1,1,1
11941.299805,1,1,-1,-1,-1,1,-1,1,1
11917.200195,1,1,-1,-1,-1,1,-1,1,1
11966.049805,1,1,-1,1,-1,1,-1,1,1
12012.049805,1,1,-1,1,-1,1,-1,1,1
11908.150391,-1,-1,-1,-1,-1,1,-1,1,1
11913.450195,-1,-1,1,1,-1,1,-1,1,1
11840.450195,-1,-1,-1,-1,-1,1,-1,1,-1
11872.099609,-1,-1,1,1,-1,1,-1,1,-1
11895.450195,-1,1,1,1,-1,1,-1,1,-1
11884.5,-1,-1,-1,-1,-1,1,-1,1,-1
11940.099609,1,1,1,1,-1,1,-1,1,-1
11999.099609,1,1,-1,-1,-1,1,-1,1,-1
11968.400391,1,1,-1,-1,-1,1,-1,1,-1
11914.400391,-1,-1,-1,-1,-1,1,-1,1,-1
12073.75,1,1,-1,1,-1,1,-1,1,-1
12037.700195,1,1,-1,-1,-1,1,-1,1,-1
12100.700195,1,1,1,1,-1,1,-1,1,-1
12151.150391,1,1,-1,1,-1,1,-1,1,1
12056.049805,1,-1,-1,-1,-1,1,-1,1,-1
12048.200195,-1,-1,-1,-1,-1,1,-1,1,-1
11994.200195,-1,-1,-1,-1,-1,1,-1,1,-1
12043.200195,-1,-1,1,1,-1,1,-1,1,-1
12018.400391,-1,-1,-1,1,-1,1,-1,1,-1
11921.5,-1,-1,-1,-1,-1,1,-1,1,-1
11937.5,-1,-1,1,1,-1,1,-1,1,-1
11856.799805,-1,-1,-1,-1,-1,1,-1,1,-1
11910.150391,-1,-1,1,1,-1,1,-1,1,-1
11971.799805,1,1,1,1,-1,1,-1,1,-1
12086.700195,1,1,1,-1,-1,1,-1,1,-1
12053.950195,1,1,-1,-1,-1,1,-1,1,-1
12165.0,1,1,1,1,-1,1,-1,1,-1
12221.650391,1,1,-1,-1,-1,1,-1,1,1
12259.700195,1,1,-1,-1,-1,1,-1,1,1
12271.799805,1,1,-1,-1,-1,1,-1,1,1
12262.75,1,1,-1,-1,-1,1,-1,1,1
12214.549805,1,-1,-1,-1,-1,1,-1,1,1
12126.549805,-1,-1,-1,-1,-1,1,-1,1,1
12245.799805,1,1,1,1,-1,1,-1,1,1
12255.849609,1,1,1,1,-1,1,-1,1,1
12168.450195,-1,-1,-1,-1,-1,1,-1,1,-1
12182.5,-1,-1,1,1,-1,1,-1,1,-1
12282.200195,1,1,1,1,-1,1,-1,1,-1
12226.650391,1,1,-1,-1,-1,1,-1,1,-1
11993.049805,-1,-1,-1,-1,-1,1,-1,1,-1
12052.950195,-1,-1,1,1,-1,1,-1,1,-1
12025.349609,-1,-1,-1,-1,-1,1,-1,1,-1
12215.900391,1,1,1,1,-1,1,-1,1,-1
12256.799805,1,1,1,-1,-1,1,-1,1,-1
12329.549805,1,1,1,-1,-1,1,-1,1,-1
12362.299805,1,1,1,-1,-1,1,-1,1,1
12343.299805,1,1,-1,-1,-1,1,-1,1,1
12355.5,1,1,1,1,-1,1,-1,1,1
12352.349609,1,1,-1,-1,-1,1,-1,1,1
12224.549805,-1,-1,-1,-1,-1,1,-1,1,1
12169.849609,-1,-1,-1,-1,-1,1,-1,1,-1
12106.900391,-1,-1,-1,-1,-1,1,-1,1,-1
12180.349609,-1,-1,1,1,-1,1,-1,1,-1
12248.25,1,1,1,1,-1,1,-1,1,-1
12119.0,-1,-1,-1,-1,-1,1,-1,1,-1
12055.799805,-1,-1,-1,-1,-1,1,-1,1,-1
12129.5,-1,-1,1,1,-1,1,-1,1,-1
12035.799805,-1,-1,-1,-1,-1,1,-1,1,-1
11962.099609,-1,-1,-1,-1,-1,1,-1,1,-1
11707.900391,-1,-1,1,-1,-1,1,-1,1,-1
11979.650391,-1,1,1,1,-1,1,-1,1,-1
12089.150391,1,1,1,-1,-1,1,-1,1,-1
12137.950195,1,1,1,-1,-1,1,-1,1,-1
12098.349609,1,1,-1,-1,-1,1,-1,1,-1
12031.5,1,-1,-1,-1,-1,1,-1,1,-1
12107.900391,1,1,1,1,-1,1,-1,1,-1
12201.200195,1,1,1,1,-1,1,-1,1,1
12174.650391,1,1,-1,-1,-1,1,-1,1,1
12113.450195,-1,-1,-1,-1,-1,1,-1,1,1
12045.799805,-1,-1,-1,-1,-1,1,-1,1,1
11992.5,-1,-1,-1,-1,-1,1,-1,1,-1
12125.900391,1,1,1,1,-1,1,-1,1,1
12080.849609,-1,-1,-1,-1,-1,1,-1,1,1
11829.400391,-1,-1,-1,-1,-1,1,-1,1,-1
11797.900391,-1,-1,-1,-1,-1,1,-1,1,-1
11678.5,-1,-1,1,-1,-1,1,-1,1,-1
11633.299805,-1,-1,1,-1,-1,1,-1,1,-1
11201.75,-1,-1,1,-1,-1,1,-1,1,-1
11132.75,-1,-1,1,-1,-1,1,-1,1,-1
11303.299805,-1,-1,1,1,-1,1,-1,1,-1
11251.0,-1,-1,1,-1,-1,1,-1,1,-1
11269.0,-1,-1,1,1,-1,1,-1,1,-1
10989.450195,-1,-1,1,-1,-1,1,-1,1,-1
10451.450195,-1,-1,1,-1,-1,1,-1,1,-1
10458.400391,-1,-1,1,1,-1,1,-1,1,-1
9590.150391,-1,-1,1,-1,-1,1,-1,1,-1
9955.200195,-1,-1,1,1,-1,1,-1,1,-1
9197.400391,-1,-1,1,-1,-1,1,-1,1,-1
8967.049805,-1,-1,1,-1,-1,1,-1,1,-1
8468.799805,-1,-1,1,-1,-1,1,-1,1,-1
8263.450195,-1,-1,1,-1,-1,1,-1,1,-1
8745.450195,-1,-1,1,1,-1,1,-1,1,-1
7610.25,-1,-1,1,-1,-1,1,-1,1,-1
7801.049805,-1,-1,1,1,-1,1,-1,1,-1
8317.849609,1,1,1,1,-1,1,-1,1,-1
8641.450195,1,1,1,-1,-1,1,-1,1,-1
8660.25,1,1,1,1,-1,1,-1,1,-1
8281.099609,-1,-1,-1,-1,-1,1,-1,1,-1
8597.75,1,1,1,1,-1,1,-1,1,1
8253.799805,-1,-1,-1,-1,-1,1,-1,1,1
8083.799805,-1,-1,-1,-1,-1,1,-1,1,1
8792.200195,1,1,1,1,-1,1,-1,1,1
8748.75,1,1,-1,-1,-1,1,-1,1,1
9111.900391,1,1,1,1,-1,1,-1,1,1
8993.849609,1,1,-1,-1,-1,1,-1,1,1
8925.299805,1,1,-1,-1,-1,1,-1,1,1
8992.799805,1,1,1,1,-1,1,-1,1,1
9266.75,1,1,1,1,-1,1,-1,1,1
9261.849609,1,1,-1,-1,-1,1,-1,1,1
8981.450195,-1,-1,-1,-1,-1,1,-1,1,1
9187.299805,1,1,1,1,-1,1,-1,1,1
9313.900391,1,1,1,1,-1,1,-1,1,1
9154.400391,-1,-1,-1,-1,-1,1,-1,1,1
9282.299805,1,1,1,1,-1,1,-1,1,1
9380.900391,1,1,1,1,-1,1,-1,1,1
9553.349609,1,1,1,-1,-1,1,-1,1,1
9859.900391,1,1,-1,1,-1,1,-1,1,1
9293.5,-1,-1,-1,-1,-1,1,-1,1,1
9205.599609,-1,-1,-1,-1,-1,1,-1,1,1
9270.900391,-1,-1,1,1,-1,1,-1,1,1
9199.049805,-1,-1,-1,-1,-1,1,-1,1,1
9251.5,-1,-1,1,1,-1,1,-1,1,1
9239.200195,-1,-1,-1,-1,-1,1,-1,1,1
9196.549805,-1,-1,-1,-1,-1,1,-1,1,1
9383.549805,1,1,1,1,-1,1,-1,1,1
9142.75,-1,-1,-1,-1,-1,1,-1,1,1
9136.849609,-1,-1,-1,-1,-1,1,-1,1,1
8823.25,-1,-1,-1,-1,-1,1,-1,1,-1
8879.099609,-1,-1,1,1,-1,1,-1,1,-1
9066.549805,-1,1,1,1,-1,1,-1,1,-1
9106.25,1,1,1,-1,-1,1,-1,1,-1
9039.25,1,1,-1,-1,-1,1,-1,1,-1
9029.049805,1,1,-1,-1,-1,1,-1,1,-1
9314.950195,1,1,1,1,-1,1,-1,1,1
9490.099609,1,1,1,-1,-1,1,-1,1,1
9580.299805,1,1,-1,-1,-1,1,-1,1,1
9826.150391,1,1,-1,-1,-1,1,-1,1,1
9979.099609,1,1,-1,-1,-1,1,-1,1,1
10061.549805,1,1,-1,1,-1,1,-1,1,1
10029.099609,1,1,-1,-1,-1,1,-1,1,1
10142.150391,1,1,-1,1,-1,1,-1,1,1
10167.450195,1,1,-1,1,-1,1,-1,1,1
10046.650391,1,-1,-1,-1,-1,1,-1,1,1
10116.150391,1,1,-1,1,-1,1,-1,1,1
9902.0,-1,-1,-1,-1,-1,1,-1,1,1
9972.900391,-1,-1,1,1,-1,1,-1,1,1
9813.700195,-1,-1,-1,-1,-1,1,-1,1,1
9914.0,-1,-1,1,1,-1,1,-1,1,1
9881.150391,-1,-1,-1,1,-1,1,-1,1,-1
10091.650391,1,1,1,1,-1,1,-1,1,-1
10244.400391,1,1,1,-1,-1,1,-1,1,1
10311.200195,1,1,-1,-1,-1,1,-1,1,1
10471.0,1,1,-1,1,-1,1,-1,1,1
10305.299805,1,1,-1,-1,-1,1,-1,1,1
10288.900391,1,-1,-1,-1,-1,1,-1,1,1
10383.0,1,1,1,1,-1,1,-1,1,1
10312.400391,-1,-1,-1,-1,-1,1,-1,1,1
10302.099609,-1,-1,-1,-1,-1,1,-1,1,-1
10430.049805,1,1,1,1,-1,1,-1,1,1
10551.700195,1,1,-1,1,-1,1,-1,1,1
10607.349609,1,1,-1,-1,-1,1,-1,1,1
10763.650391,1,1,-1,-1,-1,1,-1,1,1
10799.650391,1,1,-1,-1,-1,1,-1,1,1
10705.75,1,1,-1,-1,-1,1,-1,1,1
10813.450195,1,1,-1,1,-1,1,-1,1,1
10768.049805,1,1,-1,-1,-1,1,-1,1,1
10802.700195,1,1,-1,1,-1,1,-1,1,1
10607.349609,-1,-1,-1,-1,-1,1,-1,1,-1
10618.200195,-1,-1,1,1,-1,1,-1,1,-1
10739.950195,1,1,1,1,-1,1,-1,1,-1
10901.700195,1,1,1,1,-1,1,-1,1,-1
11022.200195,1,1,-1,1,-1,1,-1,1,-1
11162.25,1,1,-1,-1,-1,1,-1,1,1
11132.599609,1,1,-1,-1,-1,1,-1,1,1
11215.450195,1,1,-1,1,-1,1,-1,1,1
11194.150391,1,1,-1,-1,-1,1,-1,1,1
11131.799805,1,-1,-1,-1,-1,1,-1,1,1
11300.549805,1,1,-1,1,-1,1,-1,1,1
11202.849609,1,-1,-1,-1,-1,1,-1,1,1
11102.150391,-1,-1,-1,-1,-1,1,-1,1,-1
11073.450195,-1,-1,-1,-1,-1,1,-1,1,-1
10891.599609,-1,-1,-1,-1,-1,1,-1,1,-1
11095.25,-1,1,1,1,-1,1,-1,1,-1
11101.650391,-1,1,1,1,-1,1,-1,1,-1
11200.150391,1,1,1,1,-1,1,-1,1,-1
11214.049805,1,1,1,-1,-1,1,-1,1,-1
11270.150391,1,1,1,-1,-1,1,-1,1,-1
11322.5,1,1,1,-1,-1,1,-1,1,-1
11308.400391,1,1,-1,-1,-1,1,-1,1,-1
11300.450195,1,1,-1,-1,-1,1,-1,1,-1
11178.400391,-1,-1,-1,-1,-1,1,-1,1,-1
11247.099609,-1,-1,1,1,-1,1,-1,1,-1
11385.349609,1,1,1,1,-1,1,-1,1,-1
11408.400391,1,1,1,-1,-1,1,-1,1,-1
11312.200195,1,-1,-1,-1,-1,1,-1,1,-1
11371.599609,1,1,1,1,-1,1,-1,1,-1
11466.450195,1,1,1,1,-1,1,-1,1,-1
11472.25,1,1,1,1,-1,1,-1,1,-1
11549.599609,1,1,-1,1,-1,1,-1,1,-1
11559.25,1,1,-1,1,-1,1,-1,1,1
11647.599609,1,1,-1,-1,-1,1,-1,1,1
11387.5,-1,-1,-1,-1,-1,1,-1,1,-1
11470.25,-1,-1,1,1,-1,1,-1,1,-1
11535.0,1,1,1,1,-1,1,-1,1,-1
11527.450195,1,1,-1,-1,-1,1,-1,1,-1
11333.849609,-1,-1,-1,-1,-1,1,-1,1,-1
11355.049805,-1,-1,1,1,-1,1,-1,1,-1
11317.349609,-1,-1,-1,-1,-1,1,-1,1,-1
11278.0,-1,-1,-1,-1,-1,1,-1,1,-1
11449.25,1,1,1,1,-1,1,-1,1,-1
11464.450195,1,1,1,-1,-1,1,-1,1,-1
11440.049805,1,1,-1,-1,-1,1,-1,1,-1
11521.799805,1,1,1,1,-1,1,-1,1,-1
11604.549805,1,1,1,-1,-1,1,-1,1,-1
11516.099609,1,1,-1,-1,-1,1,-1,1,-1
11504.950195,1,-1,-1,-1,-1,1,-1,1,-1
11250.549805,-1,-1,-1,-1,-1,1,-1,1,-1
11153.650391,-1,-1,1,-1,-1,1,-1,1,-1
11131.849609,-1,-1,1,-1,-1,1,-1,1,-1
10805.549805,-1,-1,1,-1,-1,1,-1,1,-1
11050.25,-1,-1,1,1,-1,1,-1,1,-1
11227.549805,1,1,1,-1,-1,1,-1,1,-1
11222.400391,1,1,-1,-1,-1,1,-1,1,-1
11247.549805,1,1,1,1,-1,1,-1,1,-1
11416.950195,1,1,1,-1,-1,1,-1,1,-1
11503.349609,1,1,1,-1,-1,1,-1,1,1
11662.400391,1,1,-1,-1,-1,1,-1,1,1
11738.849609,1,1,-1,-1,-1,1,-1,1,1
11834.599609,1,1,-1,-1,-1,1,-1,1,1
11914.200195,1,1,-1,-1,-1,1,-1,1,1
